{
  "eval_loss": 1.1437227725982666,
  "eval_accuracy": 0.5794392523364486,
  "eval_f1_macro": 0.5778302300840212,
  "eval_f1_weighted": 0.5771211879231869,
  "eval_class_0_f1": 0.5517241379310345,
  "eval_class_0_precision": 0.48484848484848486,
  "eval_class_0_recall": 0.64,
  "eval_class_1_f1": 0.5714285714285714,
  "eval_class_1_precision": 0.6363636363636364,
  "eval_class_1_recall": 0.5185185185185185,
  "eval_class_2_f1": 0.6229508196721312,
  "eval_class_2_precision": 0.5277777777777778,
  "eval_class_2_recall": 0.76,
  "eval_class_3_f1": 0.5652173913043478,
  "eval_class_3_precision": 0.8125,
  "eval_class_3_recall": 0.43333333333333335,
  "eval_runtime": 0.2191,
  "eval_samples_per_second": 488.409,
  "eval_steps_per_second": 18.258,
  "epoch": 11.0
}